[
  {
    "id": "EB9588452883",
    "fechaCompra": "13/11/2019",
    "horaEntregaDeseada": "19:40",
    "pesoPaqueteGr": 2900,
    "duracionRecorrido": 19
  },
  {
    "id": "EB0044400069",
    "fechaCompra": "13/11/2019",
    "horaEntregaDeseada": "18:40",
    "pesoPaqueteGr": 550,
    "duracionRecorrido": 3
  },
  {
    "id": "EB8352924820",
    "fechaCompra": "11/11/2019",
    "horaEntregaDeseada": "09:20",
    "pesoPaqueteGr": 1700,
    "duracionRecorrido": 29
  },
  {
    "id": "EB9947711712",
    "fechaCompra": "10/11/2019",
    "horaEntregaDeseada": "16:40",
    "pesoPaqueteGr": 1500,
    "duracionRecorrido": 27
  },
  {
    "id": "EB6252613170",
    "fechaCompra": "12/11/2019",
    "horaEntregaDeseada": "11:30",
    "pesoPaqueteGr": 1250,
    "duracionRecorrido": 28
  },
  {
    "id": "EB8634875787",
    "fechaCompra": "09/11/2019",
    "horaEntregaDeseada": "19:30",
    "pesoPaqueteGr": 2150,
    "duracionRecorrido": 25
  },
  {
    "id": "EB1223395692",
    "fechaCompra": "06/11/2019",
    "horaEntregaDeseada": "16:30",
    "pesoPaqueteGr": 250,
    "duracionRecorrido": 20
  },
  {
    "id": "EB1364530610",
    "fechaCompra": "07/11/2019",
    "horaEntregaDeseada": "17:10",
    "pesoPaqueteGr": 250,
    "duracionRecorrido": 22
  },
  {
    "id": "EB7839008058",
    "fechaCompra": "06/11/2019",
    "horaEntregaDeseada": "18:00",
    "pesoPaqueteGr": 650,
    "duracionRecorrido": 20
  },
  {
    "id": "EB7512236194",
    "fechaCompra": "11/11/2019",
    "horaEntregaDeseada": "09:10",
    "pesoPaqueteGr": 2250,
    "duracionRecorrido": 6
  },
  {
    "id": "EB7154525030",
    "fechaCompra": "13/11/2019",
    "horaEntregaDeseada": "17:50",
    "pesoPaqueteGr": 1500,
    "duracionRecorrido": 28
  },
  {
    "id": "EB7120179514",
    "fechaCompra": "12/11/2019",
    "horaEntregaDeseada": "15:30",
    "pesoPaqueteGr": 1550,
    "duracionRecorrido": 8
  },
  {
    "id": "EB8795807959",
    "fechaCompra": "10/11/2019",
    "horaEntregaDeseada": "09:30",
    "pesoPaqueteGr": 1250,
    "duracionRecorrido": 6
  },
  {
    "id": "EB1720702202",
    "fechaCompra": "12/11/2019",
    "horaEntregaDeseada": "16:30",
    "pesoPaqueteGr": 1000,
    "duracionRecorrido": 24
  },
  {
    "id": "EB5603671587",
    "fechaCompra": "12/11/2019",
    "horaEntregaDeseada": "11:20",
    "pesoPaqueteGr": 400,
    "duracionRecorrido": 10
  },
  {
    "id": "EB8096334025",
    "fechaCompra": "09/11/2019",
    "horaEntregaDeseada": "11:30",
    "pesoPaqueteGr": 1150,
    "duracionRecorrido": 15
  },
  {
    "id": "EB5952625050",
    "fechaCompra": "08/11/2019",
    "horaEntregaDeseada": "20:20",
    "pesoPaqueteGr": 300,
    "duracionRecorrido": 19
  },
  {
    "id": "EB4845507703",
    "fechaCompra": "06/11/2019",
    "horaEntregaDeseada": "15:30",
    "pesoPaqueteGr": 1400,
    "duracionRecorrido": 25
  },
  {
    "id": "EB3881084322",
    "fechaCompra": "11/11/2019",
    "horaEntregaDeseada": "14:20",
    "pesoPaqueteGr": 1000,
    "duracionRecorrido": 18
  },
  {
    "id": "EB7079328035",
    "fechaCompra": "07/11/2019",
    "horaEntregaDeseada": "16:20",
    "pesoPaqueteGr": 250,
    "duracionRecorrido": 26
  },
  {
    "id": "EB3693684382",
    "fechaCompra": "14/11/2019",
    "horaEntregaDeseada": "17:40",
    "pesoPaqueteGr": 1200,
    "duracionRecorrido": 22
  },
  {
    "id": "EB9414215527",
    "fechaCompra": "12/11/2019",
    "horaEntregaDeseada": "15:30",
    "pesoPaqueteGr": 1500,
    "duracionRecorrido": 29
  },
  {
    "id": "EB2034854881",
    "fechaCompra": "10/11/2019",
    "horaEntregaDeseada": "11:10",
    "pesoPaqueteGr": 1550,
    "duracionRecorrido": 19
  }
]