[
  {
    "id": "AM8469868734",
    "fechaCompra": "07/11/2019",
    "horaEntregaDeseada": "09:40",
    "pesoPaqueteGr": 800,
    "duracionRecorrido": 15
  },
  {
    "id": "AM1891138259",
    "fechaCompra": "07/11/2019",
    "horaEntregaDeseada": "18:20",
    "pesoPaqueteGr": 1000,
    "duracionRecorrido": 7
  },
  {
    "id": "AM2945601577",
    "fechaCompra": "13/11/2019",
    "horaEntregaDeseada": "18:20",
    "pesoPaqueteGr": 2950,
    "duracionRecorrido": 26
  },
  {
    "id": "AM5814783773",
    "fechaCompra": "09/11/2019",
    "horaEntregaDeseada": "19:30",
    "pesoPaqueteGr": 300,
    "duracionRecorrido": 18
  },
  {
    "id": "AM0125818690",
    "fechaCompra": "08/11/2019",
    "horaEntregaDeseada": "20:30",
    "pesoPaqueteGr": 1150,
    "duracionRecorrido": 18
  },
  {
    "id": "AM4974134825",
    "fechaCompra": "14/11/2019",
    "horaEntregaDeseada": "17:40",
    "pesoPaqueteGr": 1200,
    "duracionRecorrido": 2
  },
  {
    "id": "AM0353236673",
    "fechaCompra": "11/11/2019",
    "horaEntregaDeseada": "16:20",
    "pesoPaqueteGr": 500,
    "duracionRecorrido": 5
  },
  {
    "id": "AM8805944880",
    "fechaCompra": "11/11/2019",
    "horaEntregaDeseada": "17:10",
    "pesoPaqueteGr": 2550,
    "duracionRecorrido": 7
  },
  {
    "id": "AM9965762069",
    "fechaCompra": "12/11/2019",
    "horaEntregaDeseada": "17:40",
    "pesoPaqueteGr": 1300,
    "duracionRecorrido": 18
  },
  {
    "id": "AM9284502045",
    "fechaCompra": "14/11/2019",
    "horaEntregaDeseada": "10:00",
    "pesoPaqueteGr": 400,
    "duracionRecorrido": 15
  },
  {
    "id": "AM3127897596",
    "fechaCompra": "09/11/2019",
    "horaEntregaDeseada": "11:40",
    "pesoPaqueteGr": 2900,
    "duracionRecorrido": 29
  },
  {
    "id": "AM0708760773",
    "fechaCompra": "14/11/2019",
    "horaEntregaDeseada": "09:20",
    "pesoPaqueteGr": 2100,
    "duracionRecorrido": 25
  },
  {
    "id": "AM9401283085",
    "fechaCompra": "13/11/2019",
    "horaEntregaDeseada": "12:40",
    "pesoPaqueteGr": 1750,
    "duracionRecorrido": 18
  },
  {
    "id": "AM2579720496",
    "fechaCompra": "11/11/2019",
    "horaEntregaDeseada": "18:20",
    "pesoPaqueteGr": 1850,
    "duracionRecorrido": 16
  },
  {
    "id": "AM1854382689",
    "fechaCompra": "14/11/2019",
    "horaEntregaDeseada": "20:30",
    "pesoPaqueteGr": 1050,
    "duracionRecorrido": 24
  },
  {
    "id": "AM1231804926",
    "fechaCompra": "11/11/2019",
    "horaEntregaDeseada": "13:10",
    "pesoPaqueteGr": 450,
    "duracionRecorrido": 23
  },
  {
    "id": "AM3300077211",
    "fechaCompra": "14/11/2019",
    "horaEntregaDeseada": "14:20",
    "pesoPaqueteGr": 1150,
    "duracionRecorrido": 12
  },
  {
    "id": "AM5828920642",
    "fechaCompra": "12/11/2019",
    "horaEntregaDeseada": "12:00",
    "pesoPaqueteGr": 200,
    "duracionRecorrido": 4
  },
  {
    "id": "AM1842441344",
    "fechaCompra": "07/11/2019",
    "horaEntregaDeseada": "11:30",
    "pesoPaqueteGr": 1600,
    "duracionRecorrido": 2
  },
  {
    "id": "AM4558500517",
    "fechaCompra": "14/11/2019",
    "horaEntregaDeseada": "15:30",
    "pesoPaqueteGr": 2800,
    "duracionRecorrido": 23
  },
  {
    "id": "AM4797311780",
    "fechaCompra": "09/11/2019",
    "horaEntregaDeseada": "18:20",
    "pesoPaqueteGr": 250,
    "duracionRecorrido": 7
  },
  {
    "id": "AM8387562973",
    "fechaCompra": "07/11/2019",
    "horaEntregaDeseada": "13:50",
    "pesoPaqueteGr": 2250,
    "duracionRecorrido": 18
  },
  {
    "id": "AM0890820622",
    "fechaCompra": "14/11/2019",
    "horaEntregaDeseada": "10:30",
    "pesoPaqueteGr": 2950,
    "duracionRecorrido": 7
  },
  {
    "id": "AM2578290215",
    "fechaCompra": "12/11/2019",
    "horaEntregaDeseada": "16:20",
    "pesoPaqueteGr": 2000,
    "duracionRecorrido": 8
  },
  {
    "id": "AM2116159851",
    "fechaCompra": "07/11/2019",
    "horaEntregaDeseada": "19:10",
    "pesoPaqueteGr": 900,
    "duracionRecorrido": 3
  },
  {
    "id": "AM2512284699",
    "fechaCompra": "10/11/2019",
    "horaEntregaDeseada": "19:30",
    "pesoPaqueteGr": 800,
    "duracionRecorrido": 29
  },
  {
    "id": "AM8809351895",
    "fechaCompra": "14/11/2019",
    "horaEntregaDeseada": "18:40",
    "pesoPaqueteGr": 2400,
    "duracionRecorrido": 28
  },
  {
    "id": "AM1195497166",
    "fechaCompra": "11/11/2019",
    "horaEntregaDeseada": "20:10",
    "pesoPaqueteGr": 2900,
    "duracionRecorrido": 17
  },
  {
    "id": "AM9272599036",
    "fechaCompra": "13/11/2019",
    "horaEntregaDeseada": "16:10",
    "pesoPaqueteGr": 1650,
    "duracionRecorrido": 10
  },
  {
    "id": "AM1253271536",
    "fechaCompra": "14/11/2019",
    "horaEntregaDeseada": "17:30",
    "pesoPaqueteGr": 700,
    "duracionRecorrido": 29
  },
  {
    "id": "AM7647730463",
    "fechaCompra": "06/11/2019",
    "horaEntregaDeseada": "11:50",
    "pesoPaqueteGr": 900,
    "duracionRecorrido": 13
  },
  {
    "id": "AM7894169303",
    "fechaCompra": "11/11/2019",
    "horaEntregaDeseada": "13:20",
    "pesoPaqueteGr": 300,
    "duracionRecorrido": 6
  },
  {
    "id": "AM0208740068",
    "fechaCompra": "14/11/2019",
    "horaEntregaDeseada": "17:10",
    "pesoPaqueteGr": 3000,
    "duracionRecorrido": 11
  },
  {
    "id": "AM0601359049",
    "fechaCompra": "08/11/2019",
    "horaEntregaDeseada": "19:50",
    "pesoPaqueteGr": 2850,
    "duracionRecorrido": 27
  },
  {
    "id": "AM7433915724",
    "fechaCompra": "06/11/2019",
    "horaEntregaDeseada": "10:40",
    "pesoPaqueteGr": 2200,
    "duracionRecorrido": 21
  },
  {
    "id": "AM2040314539",
    "fechaCompra": "09/11/2019",
    "horaEntregaDeseada": "11:20",
    "pesoPaqueteGr": 2550,
    "duracionRecorrido": 14
  },
  {
    "id": "AM6400035948",
    "fechaCompra": "13/11/2019",
    "horaEntregaDeseada": "11:20",
    "pesoPaqueteGr": 2950,
    "duracionRecorrido": 25
  },
  {
    "id": "AM1975707931",
    "fechaCompra": "06/11/2019",
    "horaEntregaDeseada": "20:40",
    "pesoPaqueteGr": 550,
    "duracionRecorrido": 20
  },
  {
    "id": "AM1578463656",
    "fechaCompra": "11/11/2019",
    "horaEntregaDeseada": "19:40",
    "pesoPaqueteGr": 2600,
    "duracionRecorrido": 7
  },
  {
    "id": "AM0872143550",
    "fechaCompra": "09/11/2019",
    "horaEntregaDeseada": "15:40",
    "pesoPaqueteGr": 350,
    "duracionRecorrido": 25
  },
  {
    "id": "AM4773888223",
    "fechaCompra": "13/11/2019",
    "horaEntregaDeseada": "10:40",
    "pesoPaqueteGr": 1950,
    "duracionRecorrido": 21
  },
  {
    "id": "AM4511728652",
    "fechaCompra": "07/11/2019",
    "horaEntregaDeseada": "17:40",
    "pesoPaqueteGr": 2050,
    "duracionRecorrido": 5
  },
  {
    "id": "AM7424034964",
    "fechaCompra": "08/11/2019",
    "horaEntregaDeseada": "09:20",
    "pesoPaqueteGr": 1100,
    "duracionRecorrido": 12
  },
  {
    "id": "AM4940266487",
    "fechaCompra": "12/11/2019",
    "horaEntregaDeseada": "14:30",
    "pesoPaqueteGr": 2600,
    "duracionRecorrido": 13
  },
  {
    "id": "AM2543036142",
    "fechaCompra": "10/11/2019",
    "horaEntregaDeseada": "14:30",
    "pesoPaqueteGr": 2050,
    "duracionRecorrido": 21
  },
  {
    "id": "AM6783151827",
    "fechaCompra": "10/11/2019",
    "horaEntregaDeseada": "13:10",
    "pesoPaqueteGr": 600,
    "duracionRecorrido": 6
  }
]