[
  {
    "id": "MM4811466547",
    "fechaCompra": "11/11/2019",
    "horaEntregaDeseada": "10:40",
    "pesoPaqueteGr": 1600,
    "duracionRecorrido": 6
  },
  {
    "id": "MM7834357988",
    "fechaCompra": "08/11/2019",
    "horaEntregaDeseada": "20:20",
    "pesoPaqueteGr": 2200,
    "duracionRecorrido": 29
  },
  {
    "id": "MM0802153203",
    "fechaCompra": "09/11/2019",
    "horaEntregaDeseada": "18:10",
    "pesoPaqueteGr": 1150,
    "duracionRecorrido": 8
  },
  {
    "id": "MM0678312729",
    "fechaCompra": "06/11/2019",
    "horaEntregaDeseada": "14:30",
    "pesoPaqueteGr": 200,
    "duracionRecorrido": 14
  },
  {
    "id": "MM9285433974",
    "fechaCompra": "09/11/2019",
    "horaEntregaDeseada": "17:00",
    "pesoPaqueteGr": 2550,
    "duracionRecorrido": 7
  },
  {
    "id": "MM5153267484",
    "fechaCompra": "07/11/2019",
    "horaEntregaDeseada": "10:50",
    "pesoPaqueteGr": 3000,
    "duracionRecorrido": 5
  },
  {
    "id": "MM6734918058",
    "fechaCompra": "08/11/2019",
    "horaEntregaDeseada": "11:30",
    "pesoPaqueteGr": 1050,
    "duracionRecorrido": 3
  },
  {
    "id": "MM0814400270",
    "fechaCompra": "08/11/2019",
    "horaEntregaDeseada": "15:20",
    "pesoPaqueteGr": 1150,
    "duracionRecorrido": 28
  },
  {
    "id": "MM5898234032",
    "fechaCompra": "06/11/2019",
    "horaEntregaDeseada": "18:10",
    "pesoPaqueteGr": 1300,
    "duracionRecorrido": 2
  },
  {
    "id": "MM8951269158",
    "fechaCompra": "11/11/2019",
    "horaEntregaDeseada": "11:20",
    "pesoPaqueteGr": 850,
    "duracionRecorrido": 27
  },
  {
    "id": "MM0601879766",
    "fechaCompra": "11/11/2019",
    "horaEntregaDeseada": "15:10",
    "pesoPaqueteGr": 2150,
    "duracionRecorrido": 20
  },
  {
    "id": "MM5414363207",
    "fechaCompra": "09/11/2019",
    "horaEntregaDeseada": "17:20",
    "pesoPaqueteGr": 1750,
    "duracionRecorrido": 20
  },
  {
    "id": "MM6722395239",
    "fechaCompra": "08/11/2019",
    "horaEntregaDeseada": "19:30",
    "pesoPaqueteGr": 2400,
    "duracionRecorrido": 11
  },
  {
    "id": "MM4043392086",
    "fechaCompra": "11/11/2019",
    "horaEntregaDeseada": "20:30",
    "pesoPaqueteGr": 200,
    "duracionRecorrido": 6
  },
  {
    "id": "MM8208867735",
    "fechaCompra": "11/11/2019",
    "horaEntregaDeseada": "18:40",
    "pesoPaqueteGr": 1350,
    "duracionRecorrido": 21
  },
  {
    "id": "MM1678140238",
    "fechaCompra": "13/11/2019",
    "horaEntregaDeseada": "15:00",
    "pesoPaqueteGr": 2350,
    "duracionRecorrido": 25
  },
  {
    "id": "MM0343253710",
    "fechaCompra": "09/11/2019",
    "horaEntregaDeseada": "11:20",
    "pesoPaqueteGr": 1500,
    "duracionRecorrido": 20
  },
  {
    "id": "MM2142402170",
    "fechaCompra": "06/11/2019",
    "horaEntregaDeseada": "11:00",
    "pesoPaqueteGr": 1750,
    "duracionRecorrido": 8
  },
  {
    "id": "MM7510897109",
    "fechaCompra": "13/11/2019",
    "horaEntregaDeseada": "11:40",
    "pesoPaqueteGr": 800,
    "duracionRecorrido": 14
  },
  {
    "id": "MM4050989947",
    "fechaCompra": "12/11/2019",
    "horaEntregaDeseada": "17:30",
    "pesoPaqueteGr": 3000,
    "duracionRecorrido": 27
  },
  {
    "id": "MM8373105770",
    "fechaCompra": "06/11/2019",
    "horaEntregaDeseada": "16:40",
    "pesoPaqueteGr": 1000,
    "duracionRecorrido": 12
  },
  {
    "id": "MM4898463166",
    "fechaCompra": "07/11/2019",
    "horaEntregaDeseada": "13:30",
    "pesoPaqueteGr": 1850,
    "duracionRecorrido": 29
  },
  {
    "id": "MM0134610172",
    "fechaCompra": "09/11/2019",
    "horaEntregaDeseada": "14:30",
    "pesoPaqueteGr": 350,
    "duracionRecorrido": 5
  },
  {
    "id": "MM3857840546",
    "fechaCompra": "14/11/2019",
    "horaEntregaDeseada": "10:40",
    "pesoPaqueteGr": 2350,
    "duracionRecorrido": 18
  },
  {
    "id": "MM7913206978",
    "fechaCompra": "09/11/2019",
    "horaEntregaDeseada": "14:10",
    "pesoPaqueteGr": 350,
    "duracionRecorrido": 15
  },
  {
    "id": "MM9153645744",
    "fechaCompra": "14/11/2019",
    "horaEntregaDeseada": "14:20",
    "pesoPaqueteGr": 2400,
    "duracionRecorrido": 11
  },
  {
    "id": "MM4017295013",
    "fechaCompra": "11/11/2019",
    "horaEntregaDeseada": "12:40",
    "pesoPaqueteGr": 2350,
    "duracionRecorrido": 10
  },
  {
    "id": "MM6545735189",
    "fechaCompra": "11/11/2019",
    "horaEntregaDeseada": "09:30",
    "pesoPaqueteGr": 200,
    "duracionRecorrido": 22
  }
]