[
  {
    "id": "ZA4304331865",
    "fechaCompra": "09/11/2019",
    "horaEntregaDeseada": "20:10",
    "pesoPaqueteGr": 900,
    "duracionRecorrido": 18
  },
  {
    "id": "ZA7602977167",
    "fechaCompra": "14/11/2019",
    "horaEntregaDeseada": "15:50",
    "pesoPaqueteGr": 1800,
    "duracionRecorrido": 5
  },
  {
    "id": "ZA7115852053",
    "fechaCompra": "10/11/2019",
    "horaEntregaDeseada": "10:40",
    "pesoPaqueteGr": 2550,
    "duracionRecorrido": 25
  },
  {
    "id": "ZA0472730062",
    "fechaCompra": "07/11/2019",
    "horaEntregaDeseada": "11:30",
    "pesoPaqueteGr": 1100,
    "duracionRecorrido": 3
  },
  {
    "id": "ZA9209066351",
    "fechaCompra": "14/11/2019",
    "horaEntregaDeseada": "17:40",
    "pesoPaqueteGr": 1150,
    "duracionRecorrido": 18
  },
  {
    "id": "ZA1388004429",
    "fechaCompra": "09/11/2019",
    "horaEntregaDeseada": "11:20",
    "pesoPaqueteGr": 800,
    "duracionRecorrido": 27
  },
  {
    "id": "ZA5690237899",
    "fechaCompra": "08/11/2019",
    "horaEntregaDeseada": "11:50",
    "pesoPaqueteGr": 250,
    "duracionRecorrido": 24
  },
  {
    "id": "ZA4404116146",
    "fechaCompra": "09/11/2019",
    "horaEntregaDeseada": "12:30",
    "pesoPaqueteGr": 1500,
    "duracionRecorrido": 6
  },
  {
    "id": "ZA4504923499",
    "fechaCompra": "10/11/2019",
    "horaEntregaDeseada": "18:40",
    "pesoPaqueteGr": 1400,
    "duracionRecorrido": 20
  },
  {
    "id": "ZA9755149702",
    "fechaCompra": "09/11/2019",
    "horaEntregaDeseada": "20:30",
    "pesoPaqueteGr": 1700,
    "duracionRecorrido": 23
  },
  {
    "id": "ZA5023487435",
    "fechaCompra": "08/11/2019",
    "horaEntregaDeseada": "16:30",
    "pesoPaqueteGr": 1250,
    "duracionRecorrido": 9
  },
  {
    "id": "ZA8937851344",
    "fechaCompra": "08/11/2019",
    "horaEntregaDeseada": "19:30",
    "pesoPaqueteGr": 1000,
    "duracionRecorrido": 24
  },
  {
    "id": "ZA1246799643",
    "fechaCompra": "12/11/2019",
    "horaEntregaDeseada": "10:40",
    "pesoPaqueteGr": 600,
    "duracionRecorrido": 3
  },
  {
    "id": "ZA3752729797",
    "fechaCompra": "12/11/2019",
    "horaEntregaDeseada": "20:20",
    "pesoPaqueteGr": 1850,
    "duracionRecorrido": 18
  },
  {
    "id": "ZA5907190959",
    "fechaCompra": "07/11/2019",
    "horaEntregaDeseada": "14:50",
    "pesoPaqueteGr": 650,
    "duracionRecorrido": 15
  },
  {
    "id": "ZA5644027166",
    "fechaCompra": "11/11/2019",
    "horaEntregaDeseada": "14:40",
    "pesoPaqueteGr": 1350,
    "duracionRecorrido": 12
  },
  {
    "id": "ZA9572528663",
    "fechaCompra": "08/11/2019",
    "horaEntregaDeseada": "13:20",
    "pesoPaqueteGr": 1900,
    "duracionRecorrido": 5
  },
  {
    "id": "ZA5936545773",
    "fechaCompra": "13/11/2019",
    "horaEntregaDeseada": "14:40",
    "pesoPaqueteGr": 1200,
    "duracionRecorrido": 29
  },
  {
    "id": "ZA3300523647",
    "fechaCompra": "10/11/2019",
    "horaEntregaDeseada": "09:30",
    "pesoPaqueteGr": 700,
    "duracionRecorrido": 24
  },
  {
    "id": "ZA4624933930",
    "fechaCompra": "07/11/2019",
    "horaEntregaDeseada": "11:10",
    "pesoPaqueteGr": 950,
    "duracionRecorrido": 15
  },
  {
    "id": "ZA1345635392",
    "fechaCompra": "12/11/2019",
    "horaEntregaDeseada": "15:20",
    "pesoPaqueteGr": 2150,
    "duracionRecorrido": 24
  },
  {
    "id": "ZA6312426083",
    "fechaCompra": "07/11/2019",
    "horaEntregaDeseada": "20:30",
    "pesoPaqueteGr": 2950,
    "duracionRecorrido": 15
  },
  {
    "id": "ZA1338132740",
    "fechaCompra": "06/11/2019",
    "horaEntregaDeseada": "19:00",
    "pesoPaqueteGr": 850,
    "duracionRecorrido": 12
  },
  {
    "id": "ZA1186380083",
    "fechaCompra": "10/11/2019",
    "horaEntregaDeseada": "17:40",
    "pesoPaqueteGr": 600,
    "duracionRecorrido": 23
  },
  {
    "id": "ZA7012016967",
    "fechaCompra": "13/11/2019",
    "horaEntregaDeseada": "09:40",
    "pesoPaqueteGr": 1950,
    "duracionRecorrido": 6
  },
  {
    "id": "ZA7785142003",
    "fechaCompra": "12/11/2019",
    "horaEntregaDeseada": "11:40",
    "pesoPaqueteGr": 700,
    "duracionRecorrido": 28
  },
  {
    "id": "ZA3120971133",
    "fechaCompra": "07/11/2019",
    "horaEntregaDeseada": "11:50",
    "pesoPaqueteGr": 1250,
    "duracionRecorrido": 16
  },
  {
    "id": "ZA6135779519",
    "fechaCompra": "06/11/2019",
    "horaEntregaDeseada": "18:20",
    "pesoPaqueteGr": 800,
    "duracionRecorrido": 29
  },
  {
    "id": "ZA5232380114",
    "fechaCompra": "10/11/2019",
    "horaEntregaDeseada": "11:50",
    "pesoPaqueteGr": 2250,
    "duracionRecorrido": 27
  },
  {
    "id": "ZA5296110799",
    "fechaCompra": "10/11/2019",
    "horaEntregaDeseada": "15:10",
    "pesoPaqueteGr": 300,
    "duracionRecorrido": 20
  },
  {
    "id": "ZA6832875096",
    "fechaCompra": "07/11/2019",
    "horaEntregaDeseada": "13:50",
    "pesoPaqueteGr": 3000,
    "duracionRecorrido": 6
  },
  {
    "id": "ZA9692957655",
    "fechaCompra": "09/11/2019",
    "horaEntregaDeseada": "15:30",
    "pesoPaqueteGr": 1800,
    "duracionRecorrido": 3
  },
  {
    "id": "ZA4452662022",
    "fechaCompra": "14/11/2019",
    "horaEntregaDeseada": "13:10",
    "pesoPaqueteGr": 500,
    "duracionRecorrido": 9
  },
  {
    "id": "ZA5393754855",
    "fechaCompra": "09/11/2019",
    "horaEntregaDeseada": "16:10",
    "pesoPaqueteGr": 2300,
    "duracionRecorrido": 8
  },
  {
    "id": "ZA9278598612",
    "fechaCompra": "10/11/2019",
    "horaEntregaDeseada": "19:50",
    "pesoPaqueteGr": 950,
    "duracionRecorrido": 25
  },
  {
    "id": "ZA3682673381",
    "fechaCompra": "12/11/2019",
    "horaEntregaDeseada": "09:20",
    "pesoPaqueteGr": 900,
    "duracionRecorrido": 6
  },
  {
    "id": "ZA1170336227",
    "fechaCompra": "09/11/2019",
    "horaEntregaDeseada": "10:50",
    "pesoPaqueteGr": 2500,
    "duracionRecorrido": 20
  },
  {
    "id": "ZA6840187504",
    "fechaCompra": "10/11/2019",
    "horaEntregaDeseada": "15:10",
    "pesoPaqueteGr": 2250,
    "duracionRecorrido": 16
  },
  {
    "id": "ZA9274747280",
    "fechaCompra": "07/11/2019",
    "horaEntregaDeseada": "09:00",
    "pesoPaqueteGr": 2050,
    "duracionRecorrido": 4
  },
  {
    "id": "ZA8697155347",
    "fechaCompra": "13/11/2019",
    "horaEntregaDeseada": "09:20",
    "pesoPaqueteGr": 150,
    "duracionRecorrido": 17
  },
  {
    "id": "ZA1202280590",
    "fechaCompra": "06/11/2019",
    "horaEntregaDeseada": "12:30",
    "pesoPaqueteGr": 1200,
    "duracionRecorrido": 22
  },
  {
    "id": "ZA3235806832",
    "fechaCompra": "08/11/2019",
    "horaEntregaDeseada": "20:00",
    "pesoPaqueteGr": 2600,
    "duracionRecorrido": 5
  },
  {
    "id": "ZA8141810401",
    "fechaCompra": "06/11/2019",
    "horaEntregaDeseada": "20:30",
    "pesoPaqueteGr": 1200,
    "duracionRecorrido": 10
  }
]