[
  {
    "id": "HM5922914749",
    "fechaCompra": "08/11/2019",
    "horaEntregaDeseada": "12:10",
    "pesoPaqueteGr": 400,
    "duracionRecorrido": 29
  },
  {
    "id": "HM3102016672",
    "fechaCompra": "10/11/2019",
    "horaEntregaDeseada": "18:30",
    "pesoPaqueteGr": 2300,
    "duracionRecorrido": 12
  },
  {
    "id": "HM7525327612",
    "fechaCompra": "06/11/2019",
    "horaEntregaDeseada": "16:10",
    "pesoPaqueteGr": 2400,
    "duracionRecorrido": 17
  },
  {
    "id": "HM9834552652",
    "fechaCompra": "14/11/2019",
    "horaEntregaDeseada": "15:10",
    "pesoPaqueteGr": 1700,
    "duracionRecorrido": 13
  },
  {
    "id": "HM0246603067",
    "fechaCompra": "11/11/2019",
    "horaEntregaDeseada": "18:40",
    "pesoPaqueteGr": 300,
    "duracionRecorrido": 28
  },
  {
    "id": "HM5689247285",
    "fechaCompra": "06/11/2019",
    "horaEntregaDeseada": "09:50",
    "pesoPaqueteGr": 2200,
    "duracionRecorrido": 28
  },
  {
    "id": "HM4466822322",
    "fechaCompra": "09/11/2019",
    "horaEntregaDeseada": "16:50",
    "pesoPaqueteGr": 350,
    "duracionRecorrido": 18
  },
  {
    "id": "HM1828730269",
    "fechaCompra": "08/11/2019",
    "horaEntregaDeseada": "19:00",
    "pesoPaqueteGr": 2100,
    "duracionRecorrido": 11
  },
  {
    "id": "HM9745559050",
    "fechaCompra": "08/11/2019",
    "horaEntregaDeseada": "12:00",
    "pesoPaqueteGr": 2850,
    "duracionRecorrido": 24
  },
  {
    "id": "HM8735818979",
    "fechaCompra": "06/11/2019",
    "horaEntregaDeseada": "12:10",
    "pesoPaqueteGr": 2400,
    "duracionRecorrido": 9
  },
  {
    "id": "HM4494125110",
    "fechaCompra": "07/11/2019",
    "horaEntregaDeseada": "19:40",
    "pesoPaqueteGr": 2550,
    "duracionRecorrido": 13
  },
  {
    "id": "HM3924924484",
    "fechaCompra": "12/11/2019",
    "horaEntregaDeseada": "20:10",
    "pesoPaqueteGr": 2550,
    "duracionRecorrido": 13
  },
  {
    "id": "HM6559133831",
    "fechaCompra": "08/11/2019",
    "horaEntregaDeseada": "11:10",
    "pesoPaqueteGr": 1300,
    "duracionRecorrido": 25
  },
  {
    "id": "HM7614585913",
    "fechaCompra": "11/11/2019",
    "horaEntregaDeseada": "15:40",
    "pesoPaqueteGr": 2200,
    "duracionRecorrido": 2
  },
  {
    "id": "HM6562439089",
    "fechaCompra": "08/11/2019",
    "horaEntregaDeseada": "17:30",
    "pesoPaqueteGr": 950,
    "duracionRecorrido": 8
  },
  {
    "id": "HM3850374336",
    "fechaCompra": "09/11/2019",
    "horaEntregaDeseada": "20:00",
    "pesoPaqueteGr": 950,
    "duracionRecorrido": 27
  },
  {
    "id": "HM1012535499",
    "fechaCompra": "11/11/2019",
    "horaEntregaDeseada": "10:50",
    "pesoPaqueteGr": 2350,
    "duracionRecorrido": 15
  },
  {
    "id": "HM0553235438",
    "fechaCompra": "10/11/2019",
    "horaEntregaDeseada": "13:10",
    "pesoPaqueteGr": 2850,
    "duracionRecorrido": 15
  },
  {
    "id": "HM7694148372",
    "fechaCompra": "10/11/2019",
    "horaEntregaDeseada": "09:10",
    "pesoPaqueteGr": 1550,
    "duracionRecorrido": 17
  },
  {
    "id": "HM4067308646",
    "fechaCompra": "13/11/2019",
    "horaEntregaDeseada": "16:50",
    "pesoPaqueteGr": 2150,
    "duracionRecorrido": 4
  },
  {
    "id": "HM7025310463",
    "fechaCompra": "08/11/2019",
    "horaEntregaDeseada": "16:20",
    "pesoPaqueteGr": 600,
    "duracionRecorrido": 27
  },
  {
    "id": "HM5591288896",
    "fechaCompra": "06/11/2019",
    "horaEntregaDeseada": "09:20",
    "pesoPaqueteGr": 2400,
    "duracionRecorrido": 4
  },
  {
    "id": "HM0281364378",
    "fechaCompra": "09/11/2019",
    "horaEntregaDeseada": "13:50",
    "pesoPaqueteGr": 2450,
    "duracionRecorrido": 13
  },
  {
    "id": "HM3214893078",
    "fechaCompra": "09/11/2019",
    "horaEntregaDeseada": "11:40",
    "pesoPaqueteGr": 1550,
    "duracionRecorrido": 26
  },
  {
    "id": "HM4620528686",
    "fechaCompra": "10/11/2019",
    "horaEntregaDeseada": "17:50",
    "pesoPaqueteGr": 1750,
    "duracionRecorrido": 10
  },
  {
    "id": "HM9452966410",
    "fechaCompra": "12/11/2019",
    "horaEntregaDeseada": "13:30",
    "pesoPaqueteGr": 2450,
    "duracionRecorrido": 12
  },
  {
    "id": "HM3106698172",
    "fechaCompra": "08/11/2019",
    "horaEntregaDeseada": "12:10",
    "pesoPaqueteGr": 2050,
    "duracionRecorrido": 25
  },
  {
    "id": "HM2580842727",
    "fechaCompra": "06/11/2019",
    "horaEntregaDeseada": "17:10",
    "pesoPaqueteGr": 2050,
    "duracionRecorrido": 14
  },
  {
    "id": "HM7291150281",
    "fechaCompra": "10/11/2019",
    "horaEntregaDeseada": "20:30",
    "pesoPaqueteGr": 550,
    "duracionRecorrido": 18
  },
  {
    "id": "HM7480286347",
    "fechaCompra": "12/11/2019",
    "horaEntregaDeseada": "20:30",
    "pesoPaqueteGr": 1700,
    "duracionRecorrido": 21
  },
  {
    "id": "HM2993478539",
    "fechaCompra": "11/11/2019",
    "horaEntregaDeseada": "20:50",
    "pesoPaqueteGr": 300,
    "duracionRecorrido": 18
  },
  {
    "id": "HM1775559227",
    "fechaCompra": "06/11/2019",
    "horaEntregaDeseada": "09:40",
    "pesoPaqueteGr": 1000,
    "duracionRecorrido": 5
  },
  {
    "id": "HM1090921172",
    "fechaCompra": "07/11/2019",
    "horaEntregaDeseada": "14:30",
    "pesoPaqueteGr": 1600,
    "duracionRecorrido": 12
  },
  {
    "id": "HM6925592665",
    "fechaCompra": "06/11/2019",
    "horaEntregaDeseada": "10:30",
    "pesoPaqueteGr": 2050,
    "duracionRecorrido": 11
  },
  {
    "id": "HM5671077083",
    "fechaCompra": "06/11/2019",
    "horaEntregaDeseada": "09:10",
    "pesoPaqueteGr": 1350,
    "duracionRecorrido": 5
  },
  {
    "id": "HM4677145682",
    "fechaCompra": "13/11/2019",
    "horaEntregaDeseada": "16:30",
    "pesoPaqueteGr": 2450,
    "duracionRecorrido": 23
  },
  {
    "id": "HM5421819476",
    "fechaCompra": "08/11/2019",
    "horaEntregaDeseada": "16:40",
    "pesoPaqueteGr": 600,
    "duracionRecorrido": 3
  },
  {
    "id": "HM2246020991",
    "fechaCompra": "06/11/2019",
    "horaEntregaDeseada": "17:00",
    "pesoPaqueteGr": 2100,
    "duracionRecorrido": 13
  },
  {
    "id": "HM1370750850",
    "fechaCompra": "14/11/2019",
    "horaEntregaDeseada": "20:20",
    "pesoPaqueteGr": 2900,
    "duracionRecorrido": 6
  },
  {
    "id": "HM4893946236",
    "fechaCompra": "14/11/2019",
    "horaEntregaDeseada": "13:40",
    "pesoPaqueteGr": 2250,
    "duracionRecorrido": 2
  },
  {
    "id": "HM2219242721",
    "fechaCompra": "12/11/2019",
    "horaEntregaDeseada": "14:40",
    "pesoPaqueteGr": 2450,
    "duracionRecorrido": 18
  },
  {
    "id": "HM8654779432",
    "fechaCompra": "10/11/2019",
    "horaEntregaDeseada": "14:30",
    "pesoPaqueteGr": 750,
    "duracionRecorrido": 29
  },
  {
    "id": "HM8586190905",
    "fechaCompra": "13/11/2019",
    "horaEntregaDeseada": "11:30",
    "pesoPaqueteGr": 2400,
    "duracionRecorrido": 18
  },
  {
    "id": "HM1279754860",
    "fechaCompra": "08/11/2019",
    "horaEntregaDeseada": "09:40",
    "pesoPaqueteGr": 600,
    "duracionRecorrido": 22
  },
  {
    "id": "HM6647178376",
    "fechaCompra": "11/11/2019",
    "horaEntregaDeseada": "15:40",
    "pesoPaqueteGr": 2550,
    "duracionRecorrido": 17
  },
  {
    "id": "HM5045501818",
    "fechaCompra": "06/11/2019",
    "horaEntregaDeseada": "20:20",
    "pesoPaqueteGr": 900,
    "duracionRecorrido": 10
  },
  {
    "id": "HM1835930297",
    "fechaCompra": "06/11/2019",
    "horaEntregaDeseada": "14:30",
    "pesoPaqueteGr": 2150,
    "duracionRecorrido": 16
  },
  {
    "id": "HM3665832264",
    "fechaCompra": "07/11/2019",
    "horaEntregaDeseada": "09:10",
    "pesoPaqueteGr": 2300,
    "duracionRecorrido": 14
  },
  {
    "id": "HM7265700355",
    "fechaCompra": "08/11/2019",
    "horaEntregaDeseada": "09:00",
    "pesoPaqueteGr": 1800,
    "duracionRecorrido": 8
  }
]