[
  {
    "id": "JO7397841609",
    "fechaCompra": "14/11/2019",
    "horaEntregaDeseada": "10:40",
    "pesoPaqueteGr": 1500,
    "duracionRecorrido": 15
  },
  {
    "id": "JO1501731432",
    "fechaCompra": "14/11/2019",
    "horaEntregaDeseada": "16:00",
    "pesoPaqueteGr": 2200,
    "duracionRecorrido": 19
  },
  {
    "id": "JO3075364148",
    "fechaCompra": "06/11/2019",
    "horaEntregaDeseada": "09:40",
    "pesoPaqueteGr": 400,
    "duracionRecorrido": 19
  },
  {
    "id": "JO6668939470",
    "fechaCompra": "08/11/2019",
    "horaEntregaDeseada": "12:40",
    "pesoPaqueteGr": 1400,
    "duracionRecorrido": 7
  },
  {
    "id": "JO0769834609",
    "fechaCompra": "06/11/2019",
    "horaEntregaDeseada": "16:50",
    "pesoPaqueteGr": 900,
    "duracionRecorrido": 8
  },
  {
    "id": "JO6613601457",
    "fechaCompra": "11/11/2019",
    "horaEntregaDeseada": "12:00",
    "pesoPaqueteGr": 2350,
    "duracionRecorrido": 13
  },
  {
    "id": "JO0165599234",
    "fechaCompra": "07/11/2019",
    "horaEntregaDeseada": "12:00",
    "pesoPaqueteGr": 2650,
    "duracionRecorrido": 14
  },
  {
    "id": "JO1522300561",
    "fechaCompra": "12/11/2019",
    "horaEntregaDeseada": "13:20",
    "pesoPaqueteGr": 2450,
    "duracionRecorrido": 16
  },
  {
    "id": "JO9956014969",
    "fechaCompra": "13/11/2019",
    "horaEntregaDeseada": "09:50",
    "pesoPaqueteGr": 2100,
    "duracionRecorrido": 23
  },
  {
    "id": "JO8471412499",
    "fechaCompra": "10/11/2019",
    "horaEntregaDeseada": "09:30",
    "pesoPaqueteGr": 350,
    "duracionRecorrido": 25
  },
  {
    "id": "JO7959499075",
    "fechaCompra": "07/11/2019",
    "horaEntregaDeseada": "18:20",
    "pesoPaqueteGr": 750,
    "duracionRecorrido": 17
  },
  {
    "id": "JO4309511845",
    "fechaCompra": "08/11/2019",
    "horaEntregaDeseada": "17:00",
    "pesoPaqueteGr": 1950,
    "duracionRecorrido": 15
  },
  {
    "id": "JO0540810319",
    "fechaCompra": "08/11/2019",
    "horaEntregaDeseada": "16:30",
    "pesoPaqueteGr": 250,
    "duracionRecorrido": 13
  },
  {
    "id": "JO1652793560",
    "fechaCompra": "07/11/2019",
    "horaEntregaDeseada": "16:20",
    "pesoPaqueteGr": 1150,
    "duracionRecorrido": 4
  },
  {
    "id": "JO5948839793",
    "fechaCompra": "14/11/2019",
    "horaEntregaDeseada": "13:40",
    "pesoPaqueteGr": 1700,
    "duracionRecorrido": 25
  },
  {
    "id": "JO9862532087",
    "fechaCompra": "11/11/2019",
    "horaEntregaDeseada": "13:00",
    "pesoPaqueteGr": 2050,
    "duracionRecorrido": 12
  },
  {
    "id": "JO3379516760",
    "fechaCompra": "12/11/2019",
    "horaEntregaDeseada": "16:40",
    "pesoPaqueteGr": 1700,
    "duracionRecorrido": 5
  },
  {
    "id": "JO5799919774",
    "fechaCompra": "12/11/2019",
    "horaEntregaDeseada": "18:40",
    "pesoPaqueteGr": 2200,
    "duracionRecorrido": 19
  },
  {
    "id": "JO7536622142",
    "fechaCompra": "13/11/2019",
    "horaEntregaDeseada": "12:30",
    "pesoPaqueteGr": 800,
    "duracionRecorrido": 9
  },
  {
    "id": "JO4124924116",
    "fechaCompra": "09/11/2019",
    "horaEntregaDeseada": "13:00",
    "pesoPaqueteGr": 200,
    "duracionRecorrido": 17
  },
  {
    "id": "JO6211883274",
    "fechaCompra": "10/11/2019",
    "horaEntregaDeseada": "12:20",
    "pesoPaqueteGr": 1750,
    "duracionRecorrido": 12
  },
  {
    "id": "JO4545010424",
    "fechaCompra": "14/11/2019",
    "horaEntregaDeseada": "17:30",
    "pesoPaqueteGr": 450,
    "duracionRecorrido": 5
  },
  {
    "id": "JO6622915140",
    "fechaCompra": "11/11/2019",
    "horaEntregaDeseada": "12:10",
    "pesoPaqueteGr": 1450,
    "duracionRecorrido": 2
  },
  {
    "id": "JO0432458246",
    "fechaCompra": "14/11/2019",
    "horaEntregaDeseada": "13:10",
    "pesoPaqueteGr": 2450,
    "duracionRecorrido": 9
  },
  {
    "id": "JO5321896435",
    "fechaCompra": "11/11/2019",
    "horaEntregaDeseada": "17:30",
    "pesoPaqueteGr": 1650,
    "duracionRecorrido": 3
  },
  {
    "id": "JO5284418402",
    "fechaCompra": "11/11/2019",
    "horaEntregaDeseada": "20:30",
    "pesoPaqueteGr": 600,
    "duracionRecorrido": 15
  },
  {
    "id": "JO4004951067",
    "fechaCompra": "13/11/2019",
    "horaEntregaDeseada": "20:40",
    "pesoPaqueteGr": 550,
    "duracionRecorrido": 22
  },
  {
    "id": "JO4249491906",
    "fechaCompra": "11/11/2019",
    "horaEntregaDeseada": "18:10",
    "pesoPaqueteGr": 1050,
    "duracionRecorrido": 26
  },
  {
    "id": "JO7357980330",
    "fechaCompra": "14/11/2019",
    "horaEntregaDeseada": "16:40",
    "pesoPaqueteGr": 400,
    "duracionRecorrido": 20
  },
  {
    "id": "JO2176738136",
    "fechaCompra": "09/11/2019",
    "horaEntregaDeseada": "18:10",
    "pesoPaqueteGr": 2300,
    "duracionRecorrido": 19
  },
  {
    "id": "JO1036174928",
    "fechaCompra": "14/11/2019",
    "horaEntregaDeseada": "09:40",
    "pesoPaqueteGr": 350,
    "duracionRecorrido": 29
  },
  {
    "id": "JO0472070778",
    "fechaCompra": "06/11/2019",
    "horaEntregaDeseada": "16:20",
    "pesoPaqueteGr": 1600,
    "duracionRecorrido": 7
  },
  {
    "id": "JO7963878159",
    "fechaCompra": "06/11/2019",
    "horaEntregaDeseada": "14:20",
    "pesoPaqueteGr": 2950,
    "duracionRecorrido": 28
  },
  {
    "id": "JO3671138439",
    "fechaCompra": "06/11/2019",
    "horaEntregaDeseada": "16:10",
    "pesoPaqueteGr": 450,
    "duracionRecorrido": 5
  },
  {
    "id": "JO8217877829",
    "fechaCompra": "14/11/2019",
    "horaEntregaDeseada": "12:40",
    "pesoPaqueteGr": 2800,
    "duracionRecorrido": 22
  },
  {
    "id": "JO5939056312",
    "fechaCompra": "07/11/2019",
    "horaEntregaDeseada": "10:30",
    "pesoPaqueteGr": 200,
    "duracionRecorrido": 29
  },
  {
    "id": "JO7596297896",
    "fechaCompra": "14/11/2019",
    "horaEntregaDeseada": "15:30",
    "pesoPaqueteGr": 1100,
    "duracionRecorrido": 25
  },
  {
    "id": "JO7984810403",
    "fechaCompra": "11/11/2019",
    "horaEntregaDeseada": "15:20",
    "pesoPaqueteGr": 2600,
    "duracionRecorrido": 2
  },
  {
    "id": "JO7365133335",
    "fechaCompra": "12/11/2019",
    "horaEntregaDeseada": "18:20",
    "pesoPaqueteGr": 1050,
    "duracionRecorrido": 27
  },
  {
    "id": "JO0196723256",
    "fechaCompra": "09/11/2019",
    "horaEntregaDeseada": "10:30",
    "pesoPaqueteGr": 1600,
    "duracionRecorrido": 2
  },
  {
    "id": "JO9785105574",
    "fechaCompra": "06/11/2019",
    "horaEntregaDeseada": "11:10",
    "pesoPaqueteGr": 150,
    "duracionRecorrido": 3
  },
  {
    "id": "JO4740257114",
    "fechaCompra": "11/11/2019",
    "horaEntregaDeseada": "09:20",
    "pesoPaqueteGr": 1150,
    "duracionRecorrido": 24
  },
  {
    "id": "JO3565194019",
    "fechaCompra": "06/11/2019",
    "horaEntregaDeseada": "12:40",
    "pesoPaqueteGr": 2700,
    "duracionRecorrido": 6
  },
  {
    "id": "JO2383963499",
    "fechaCompra": "09/11/2019",
    "horaEntregaDeseada": "11:30",
    "pesoPaqueteGr": 850,
    "duracionRecorrido": 12
  },
  {
    "id": "JO3434480456",
    "fechaCompra": "10/11/2019",
    "horaEntregaDeseada": "17:20",
    "pesoPaqueteGr": 2200,
    "duracionRecorrido": 6
  },
  {
    "id": "JO5393765020",
    "fechaCompra": "10/11/2019",
    "horaEntregaDeseada": "20:10",
    "pesoPaqueteGr": 1050,
    "duracionRecorrido": 27
  },
  {
    "id": "JO9590926868",
    "fechaCompra": "12/11/2019",
    "horaEntregaDeseada": "09:20",
    "pesoPaqueteGr": 950,
    "duracionRecorrido": 22
  }
]