[
    {
      "id": "E10001",
      "fechaCompra": "11/11/2019",
      "horaEntregaDeseada": "10:00",
      "pesoPaqueteGr": 350,
      "duracionRecorrido": 10
    },
    {
      "id": "E10002",
      "fechaCompra": "10/11/2019",
      "horaEntregaDeseada": "16:40",
      "pesoPaqueteGr": 1850,
      "duracionRecorrido": 19
    },
    {
      "id": "E10003",
      "fechaCompra": "10/11/2019",
      "horaEntregaDeseada": "09:40",
      "pesoPaqueteGr": 450,
      "duracionRecorrido": 25
    },
    {
      "id": "E10004",
      "fechaCompra": "10/11/2019",
      "horaEntregaDeseada": "11:40",
      "pesoPaqueteGr": 2500,
      "duracionRecorrido": 27
    }
]