[
  {
    "id": "E20001",
    "fechaCompra": "10/11/2019",
    "horaEntregaDeseada": "10:00",
    "pesoPaqueteGr": 650,
    "duracionRecorrido": 10
  },
  {
    "id": "E20002",
    "fechaCompra": "10/11/2019",
    "horaEntregaDeseada": "13:40",
    "pesoPaqueteGr": 1850,
    "duracionRecorrido": 20
  },
  {
    "id": "E20003",
    "fechaCompra": "10/11/2019",
    "horaEntregaDeseada": "13:30",
    "pesoPaqueteGr": 150,
    "duracionRecorrido": 10
  },
  {
    "id": "E20004",
    "fechaCompra": "10/11/2019",
    "horaEntregaDeseada": "9:25",
    "pesoPaqueteGr": 450,
    "duracionRecorrido": 7
  }
]